Name,Config status,Address,Accessible,Type,# VMs total,# VMs,Capacity MiB,Provisioned MiB,In Use MiB,Free MiB,Free %,SIOC enabled,SIOC Threshold,# Hosts,Hosts,Cluster name,Cluster capacity MiB,Cluster free space MiB,Block size,Max Blocks,# Extents,Major Version,Version,VMFS Upgradeable,MHA,URL,Object ID,VI SDK Server,VI SDK UUID
prod-vmfs-01,green,,True,VMFS,69,69,20971520,44400640,20342374,629145,3,False,30,6,"esx-prod01.corp.example, esx-prod02.corp.example, esx-prod03.corp.example, esx-prod04.corp.example, esx-prod05.corp.example, esx-prod06.corp.example",,,,1,,1,6,6.82,,,ds:///vmfs/volumes/1c80317fa3b1799d/,datastore-200,vcsa01.corp.example,5f3c9a8e-1b2d-4c7e-9a10-2f6b8d4e7c31
prod-vmfs-02,green,,True,VMFS,54,54,20971520,30894080,17406361,3565158,17,False,30,6,"esx-prod01.corp.example, esx-prod02.corp.example, esx-prod03.corp.example, esx-prod04.corp.example, esx-prod05.corp.example, esx-prod06.corp.example",,,,1,,1,6,6.82,,,ds:///vmfs/volumes/bdd640fb06671ad1/,datastore-201,vcsa01.corp.example,5f3c9a8e-1b2d-4c7e-9a10-2f6b8d4e7c31
prod-vmfs-03,green,,True,VMFS,59,59,20971520,30400512,20342374,629145,3,False,30,6,"esx-prod01.corp.example, esx-prod02.corp.example, esx-prod03.corp.example, esx-prod04.corp.example, esx-prod05.corp.example, esx-prod06.corp.example",,,,1,,1,6,6.82,,,ds:///vmfs/volumes/3eb13b9046685257/,datastore-202,vcsa01.corp.example,5f3c9a8e-1b2d-4c7e-9a10-2f6b8d4e7c31
prod-vmfs-04,green,,True,VMFS,42,42,20971520,20588789,19608371,1363148,6,False,30,6,"esx-prod01.corp.example, esx-prod02.corp.example, esx-prod03.corp.example, esx-prod04.corp.example, esx-prod05.corp.example, esx-prod06.corp.example",,,,1,,1,6,6.82,,,ds:///vmfs/volumes/23b8c1e9392456de/,datastore-203,vcsa01.corp.example,5f3c9a8e-1b2d-4c7e-9a10-2f6b8d4e7c31
prod-vmfs-05,green,,True,VMFS,47,47,20971520,33973862,13105044,7866475,38,False,30,6,"esx-prod01.corp.example, esx-prod02.corp.example, esx-prod03.corp.example, esx-prod04.corp.example, esx-prod05.corp.example, esx-prod06.corp.example",,,,1,,1,6,6.82,,,ds:///vmfs/volumes/1a3d1fa7bc8960a9/,datastore-204,vcsa01.corp.example,5f3c9a8e-1b2d-4c7e-9a10-2f6b8d4e7c31
dev-nfs-01,green,nfs01.corp.example:/vol/dev-nfs-01,True,NFS,50,50,10485760,32256000,10171187,314572,3,False,30,3,"esx-dev01.corp.example, esx-dev02.corp.example, esx-dev03.corp.example",,,,,,,,,,,ds:///vmfs/volumes/bd9c66b3ad3c2d6d/,datastore-205,vcsa01.corp.example,5f3c9a8e-1b2d-4c7e-9a10-2f6b8d4e7c31
dev-nfs-02,green,nfs01.corp.example:/vol/dev-nfs-02,True,NFS,49,49,10485760,29265920,9017753,1468006,14,False,30,3,"esx-dev01.corp.example, esx-dev02.corp.example, esx-dev03.corp.example",,,,,,,,,,,ds:///vmfs/volumes/8b9d2434e465e150/,datastore-206,vcsa01.corp.example,5f3c9a8e-1b2d-4c7e-9a10-2f6b8d4e7c31
mgmt-vsan,green,,True,vsan,25,25,31457280,14110720,10827486,20629793,66,False,30,2,"esx-mgmt01.corp.example, esx-mgmt02.corp.example",,,,,,,,,,,ds:///vmfs/volumes/972a846916419f82/,datastore-207,vcsa01.corp.example,5f3c9a8e-1b2d-4c7e-9a10-2f6b8d4e7c31
iso-library,green,nfs01.corp.example:/vol/iso-library,True,NFS,0,0,2097152,22020,20971,2076180,99,False,30,9,"esx-prod01.corp.example, esx-prod02.corp.example, esx-prod03.corp.example, esx-prod04.corp.example, esx-prod05.corp.example, esx-prod06.corp.example, esx-dev01.corp.example, esx-dev02.corp.example, esx-dev03.corp.example",,,,,,,,,,,ds:///vmfs/volumes/0822e8f36c031199/,datastore-208,vcsa01.corp.example,5f3c9a8e-1b2d-4c7e-9a10-2f6b8d4e7c31
esx-prod01-local,green,,True,VMFS,0,0,419430,4404,4194,415235,99,False,30,1,esx-prod01.corp.example,,,,1,,1,6,6.82,,,ds:///vmfs/volumes/17fc695a07a0ca6e/,datastore-209,vcsa01.corp.example,5f3c9a8e-1b2d-4c7e-9a10-2f6b8d4e7c31
esx-prod02-local,green,,True,VMFS,1,1,419430,61440,29311,390118,93,False,30,1,esx-prod02.corp.example,,,,1,,1,6,6.82,,,ds:///vmfs/volumes/3b8faa1837f8a88b/,datastore-210,vcsa01.corp.example,5f3c9a8e-1b2d-4c7e-9a10-2f6b8d4e7c31
esx-prod03-local,green,,True,VMFS,0,0,419430,4404,4194,415235,99,False,30,1,esx-prod03.corp.example,,,,1,,1,6,6.82,,,ds:///vmfs/volumes/9a1de644815ef6d1/,datastore-211,vcsa01.corp.example,5f3c9a8e-1b2d-4c7e-9a10-2f6b8d4e7c31
esx-prod04-local,green,,True,VMFS,0,0,419430,4404,4194,415235,99,False,30,1,esx-prod04.corp.example,,,,1,,1,6,6.82,,,ds:///vmfs/volumes/8fadc1a606cb0fb3/,datastore-212,vcsa01.corp.example,5f3c9a8e-1b2d-4c7e-9a10-2f6b8d4e7c31
esx-prod05-local,green,,True,VMFS,1,1,419430,1075200,406847,12582,3,False,30,1,esx-prod05.corp.example,,,,1,,1,6,6.82,,,ds:///vmfs/volumes/b74d0fb132e70629/,datastore-213,vcsa01.corp.example,5f3c9a8e-1b2d-4c7e-9a10-2f6b8d4e7c31
esx-prod06-local,green,,True,VMFS,1,1,419430,81920,59649,359780,86,False,30,1,esx-prod06.corp.example,,,,1,,1,6,6.82,,,ds:///vmfs/volumes/b38a088ca65ed389/,datastore-214,vcsa01.corp.example,5f3c9a8e-1b2d-4c7e-9a10-2f6b8d4e7c31
esx-dev01-local,green,,True,VMFS,0,0,419430,4404,4194,415235,99,False,30,1,esx-dev01.corp.example,,,,1,,1,6,6.82,,,ds:///vmfs/volumes/6b65a6a48b8148f6/,datastore-215,vcsa01.corp.example,5f3c9a8e-1b2d-4c7e-9a10-2f6b8d4e7c31
esx-dev02-local,green,,True,VMFS,0,0,419430,4404,4194,415235,99,False,30,1,esx-dev02.corp.example,,,,1,,1,6,6.82,,,ds:///vmfs/volumes/72ff5d2a386ecbe0/,datastore-216,vcsa01.corp.example,5f3c9a8e-1b2d-4c7e-9a10-2f6b8d4e7c31
esx-dev03-local,green,,True,VMFS,0,0,419430,4404,4194,415235,99,False,30,1,esx-dev03.corp.example,,,,1,,1,6,6.82,,,ds:///vmfs/volumes/4737819096da1dac/,datastore-217,vcsa01.corp.example,5f3c9a8e-1b2d-4c7e-9a10-2f6b8d4e7c31
esx-mgmt01-local,green,,True,VMFS,0,0,419430,4404,4194,415235,99,False,30,1,esx-mgmt01.corp.example,,,,1,,1,5,5.82,,,ds:///vmfs/volumes/de8a774bcf36d58b/,datastore-218,vcsa01.corp.example,5f3c9a8e-1b2d-4c7e-9a10-2f6b8d4e7c31
esx-mgmt02-local,green,,True,VMFS,0,0,419430,4404,4194,415235,99,False,30,1,esx-mgmt02.corp.example,,,,1,,1,5,5.82,,,ds:///vmfs/volumes/c241330b01a9e71f/,datastore-219,vcsa01.corp.example,5f3c9a8e-1b2d-4c7e-9a10-2f6b8d4e7c31
esx-dmz01-local,green,,True,VMFS,8,8,3670016,5212160,2348810,1321205,36,False,30,1,esx-dmz01.corp.example,,,,1,,1,6,6.82,,,ds:///vmfs/volumes/28df6ec4ce4a2bbd/,datastore-220,vcsa01.corp.example,5f3c9a8e-1b2d-4c7e-9a10-2f6b8d4e7c31
